id,sender,event_type,height,initial_claimable_amount,claimable_at_event,amount_claimed,lost_amount
972,evmos1022g0rlmhlkn9p4gvppc2gqzd4sh2kj5d8zd7m,ACTION_IBC_TRANSFER,4527471,2.954444241950395e+20,2.954444241950395e+20,1.491697284419865e+19,5.894413320456122e+19
471,evmos1079srp3whaakp6r7724fvmwws9f3n3nfjajnvy,ACTION_IBC_TRANSFER,1111120,4.47657631443472e+20,4.47657631443472e+20,4.39069803940542e+19,6.800742746681381e+19
690,evmos1083la8vqvknjgv57dxj03x3x87qvlees77gxnz,ACTION_IBC_TRANSFER,2904726,4.47657631443472e+20,4.47657631443472e+20,8.860862807445637e+19,2.330577978641164e+19
1002,evmos10am02d9m0drtwl7djjgza860ptmp292ts0pwp3,ACTION_IBC_TRANSFER,4842631,1.8353001633417147e+20,1.8353001633417147e+20,5.211196107203159e+18,4.067130797633971e+19
755,evmos10g3g4uycze6230vjcr7lehgqgxf2633fkd5yl6,ACTION_IBC_TRANSFER,3389683,1.11914407860868e+20,1.11914407860868e+20,2.1214434552222736e+19,6.764167412994265e+18
998,evmos10qjhnahyjrgr95fdlcemu2tfa0adczwamve70v,ACTION_IBC_TRANSFER,4796364,1.8353001633417147e+20,1.8353001633417147e+20,4.705678285310253e+18,4.117682579823261e+19
678,evmos10sy50ns5avy3503cmxkypmdha750ece93y3nwt,ACTION_IBC_TRANSFER,2823239,1.8353001633417147e+20,1.8353001633417147e+20,3.765808434170428e+19,8.22441974183859e+18
677,evmos10tz7yzlnrjd7fk4zfk79gwfvylh2cmnd6cezp0,ACTION_IBC_TRANSFER,2823223,1.8353001633417147e+20,1.8353001633417147e+20,3.765835128199776e+19,8.22415280154511e+18
805,evmos10vsuvyr35xhg8rmldedhdw3c049ce6gcvlwhrf,ACTION_IBC_TRANSFER,3715654,1.8353001633417147e+20,1.8353001633417147e+20,2.2761107567436804e+19,2.3121396516106064e+19
916,evmos10xrn4xpc2xmhwk2z7zchsuf2egeyftdq4s5n4g,ACTION_IBC_TRANSFER,4303471,1.8353001633417147e+20,1.8353001633417147e+20,1.3803872067304647e+19,3.2078632016238223e+19
1019,evmos120qdcpq3v5a4cnmh9sqt3ucfe3ypygyj8vxcxp,ACTION_IBC_TRANSFER,5019687,1.8353001633417147e+20,1.8353001633417147e+20,1.0061962131696224e+18,4.487630787037325e+19
773,evmos122px9309au4yrz4s4dfqe9fdw8jc9rleaf8784,ACTION_IBC_TRANSFER,3534619,1.8353001633417147e+20,1.8353001633417147e+20,3.0076172915834343e+19,1.5806331167708525e+19
787,evmos123gr5vsux9qr3mudg08fad74gl9td8n7c9kr9l,ACTION_IBC_TRANSFER,3622429,2.23828815721736e+20,2.23828815721736e+20,4.160619756386224e+19,1.4351006366571766e+19
800,evmos129ng4zyy8t9j8vxtl9mt40dkdndu77yqel2h8w,ACTION_IBC_TRANSFER,3673126,1.8353001633417147e+20,1.8353001633417147e+20,2.3489573372273943e+19,2.2392930711268925e+19
803,evmos12gc404g69cahykmzseeu8kd7l622kwvgfrugwz,ACTION_IBC_TRANSFER,3697589,4.073588320559075e+20,4.073588320559075e+20,6.081537644550518e+19,4.1024331568471695e+19
1018,evmos12lecvaqgtmdwwn0l77xlyfe6njgracel3dqtwy,ACTION_IBC_TRANSFER,4996216,2.954444241950395e+20,2.954444241950395e+20,2.3972737441012403e+18,7.146383230465864e+19
936,evmos12pff0pykgnu2785csc3sm6e9m4tw9ttwe2utaj,ACTION_IBC_TRANSFER,4370312,1.11914407860868e+20,1.11914407860868e+20,7.130996247821695e+18,2.084760571739531e+19
607,evmos12qymcs2xerhudrty080zehwp4wpz854cv4f7kv,ACTION_IBC_TRANSFER,2529828,1.8353001633417147e+20,1.8353001633417147e+20,4.2516794584744485e+19,3.365709498798383e+18
525,evmos12rfq8su7fqrwk92tqjpkkkm87fwgg5fty47yq5,ACTION_IBC_TRANSFER,1154691,2.23828815721736e+20,2.23828815721736e+20,5.266476570863292e+19,3.292438221801087e+18
610,evmos12ya43x7xjc36a4dgjucxp2saxld9lcanu6r69g,ACTION_IBC_TRANSFER,2532935,1.11914407860868e+20,1.11914407860868e+20,2.752676751840049e+19,4.5183444681650995e+17
707,evmos12yka2ux5h9f449sfjthlqvldu5rtrdxh9fss2y,ACTION_IBC_TRANSFER,2966641,1.8353001633417147e+20,1.8353001633417147e+20,3.6665093063330677e+19,9.217411020212191e+18
939,evmos12zau6ktz0sft0p58dzarhkn3tez4dvrgnyrh02,ACTION_IBC_TRANSFER,4389159,1.8353001633417147e+20,1.8353001633417147e+20,1.1818671298914669e+19,3.40638327846282e+19
727,evmos12zwq8pcmmgwsl95rueqsf65avfg5zcj09nk948,ACTION_IBC_TRANSFER,3118756,2.23828815721736e+20,2.23828815721736e+20,3.999469753913864e+19,1.596250639129536e+19
403,evmos134esptuc8mdzyzyqvtjr7t7nxnnvhdy22g8t7a,ACTION_IBC_TRANSFER,282752,1.8353001633417147e+20,1.8353001633417147e+20,3.540251104506048e+19,1.0479993038482387e+19
354,evmos135c82rgh2s5g36cepsv6r3s87dgp0dmr6ww9q6,ACTION_IBC_TRANSFER,275355,5.752304438472096e+20,5.752304438472096e+20,1.2994854622962873e+20,1.3859064732173664e+19
355,evmos135c82rgh2s5g36cepsv6r3s87dgp0dmr6ww9q6,ACTION_IBC_TRANSFER,275355,5.752304438472096e+20,5.752304438472096e+20,1.0876802369668797e+20,3.5039587265114423e+19
333,evmos136nhnujpsnvfxq70sx8guw2xt8ujqyjxl76zex,ACTION_IBC_TRANSFER,275297,1.8353001633417147e+20,1.8353001633417147e+20,3.717598567381473e+19,8.706518409728139e+18
735,evmos13ez6d0m7yyf4p44hyh44vajsmcn2ua8pea3dj7,ACTION_IBC_TRANSFER,3211311,2.954444241950395e+20,2.954444241950395e+20,6.33055100837309e+19,1.0555595965028975e+19
812,evmos13m9ufjrw3u6392htmumgr5vnrur8zvc2wtm6nj,ACTION_IBC_TRANSFER,3750232,2.23828815721736e+20,2.23828815721736e+20,3.2718523942426214e+19,2.323867998800779e+19
594,evmos13n5tzqln5dwg847wq3nzz7p56mplus3h35pudq,ACTION_IBC_TRANSFER,2473387,1.8353001633417147e+20,1.8353001633417147e+20,4.347633475590551e+19,2.4061693276373565e+18
779,evmos13nlwny9nat3ur3uv9vvhhdwdaes4jjfmd5njl4,ACTION_IBC_TRANSFER,3592085,3.3574322358260407e+20,3.3574322358260407e+20,7.385580620022941e+19,1.0079999695421604e+19
785,evmos13pmqv0rwrm26s20luchhem5ka27jux0ppjd50q,ACTION_IBC_TRANSFER,3611874,1.8353001633417147e+20,1.8353001633417147e+20,2.8169270157139976e+19,1.7713233926402892e+19
895,evmos13pygtv349s6eu696768cawshr5qty97vd9ehgg,ACTION_IBC_TRANSFER,4166026,1.8353001633417147e+20,1.8353001633417147e+20,1.7006863184572592e+19,2.8875640898970276e+19
680,evmos13w3k3w7e8mn7rrucplcrexfdfjhn3a3vapvfcd,ACTION_IBC_TRANSFER,2827437,5.1927323991677554e+20,5.1927323991677554e+20,1.0779835204419415e+20,2.2019957934999732e+19
965,evmos142cvja70pevjxuhnr2fzlsanhtwaurd0x7jqca,ACTION_IBC_TRANSFER,4478734,3.3574322358260407e+20,3.3574322358260407e+20,1.9446578109033185e+19,6.448922778661783e+19
966,evmos1435a940k7jkhczeh3wl88euk6juz3nmrqlc7e7,ACTION_IBC_TRANSFER,4478740,1.8353001633417147e+20,1.8353001633417147e+20,3.949254964445042e+19,6.389954439092445e+18
405,evmos146pswec9pylhgfl0d6up9pqnxjm4g564lmp03v,ACTION_IBC_TRANSFER,282800,1.8353001633417147e+20,1.8353001633417147e+20,3.539992043492757e+19,1.0482583648615297e+19
930,evmos1479jzt3wdht9jwj8c6en5v8sa5z8ls8vae8c8x,ACTION_IBC_TRANSFER,4348276,1.8353001633417147e+20,1.8353001633417147e+20,1.2065713704131615e+19,3.381679037941125e+19
524,evmos1479umqs4rfqnr0469r8vctht7awyvrq998aedm,ACTION_IBC_TRANSFER,1154336,2.23828815721736e+20,2.23828815721736e+20,5.4331400960049504e+19,1.6258029703844987e+18
761,evmos1494scn822ampqe77evffw3tsftjdtd4wteqdcz,ACTION_IBC_TRANSFER,3414816,2.23828815721736e+20,2.23828815721736e+20,3.79541819287952e+19,1.8003022001638801e+19
151,evmos14az9egm485sm4p40kv7d2qt3nylx8pyz74sz6k,ACTION_IBC_TRANSFER,274517,2.23828815721736e+20,2.23828815721736e+20,4.371341079252218e+19,1.2243793137911824e+19
990,evmos14dgqgdflzts3dw70p3rhwr8lumxx9fmk7yvayc,ACTION_IBC_TRANSFER,4654108,1.8353001633417147e+20,1.8353001633417147e+20,8.49404130631071e+18,3.7388462777232155e+19
626,evmos14krrnr9h7zlsg4emkdnj7tq8ppk367jz67prtn,ACTION_IBC_TRANSFER,2600067,4.073588320559075e+20,4.073588320559075e+20,1.0117531715482809e+20,6.643908591487877e+17
731,evmos14l56776a6qj2rzmw8pgp557a4d9tjnkqxdn3w2,ACTION_IBC_TRANSFER,3154353,2.954444241950395e+20,2.954444241950395e+20,5.495316438671387e+19,1.8907941662046003e+19
59,evmos14nswgasu2xv5erw7787lqrnhetefwevaf7pzkf,ACTION_IBC_TRANSFER,274161,1.8353001633417147e+20,1.8353001633417147e+20,3.723987344579038e+19,8.642630637752492e+18
777,evmos14pyndg9qmsaz70f5qm5uhupvg27hhh5j8hzs7z,ACTION_IBC_TRANSFER,3562529,1.11914407860868e+20,1.11914407860868e+20,1.729648209204245e+19,1.068211987317455e+19
851,evmos14t7m4h4z0yv0hdzrfnugk4h4dtmnyuhpfpwd27,ACTION_IBC_TRANSFER,4018517,1.8353001633417147e+20,1.8353001633417147e+20,1.9037111536309977e+19,2.684539254723289e+19
947,evmos14wk67383mf73whw7xpzuerfagq8jr2elcmftwh,ACTION_IBC_TRANSFER,4428132,1.8353001633417147e+20,1.8353001633417147e+20,1.4593083798859344e+19,3.1289420284683526e+19
835,evmos14wr06udes6xp089ehxlyuh8md77v4ztv32j4yu,ACTION_IBC_TRANSFER,3890294,5.1927323991677554e+20,5.1927323991677554e+20,5.601434397003781e+19,7.380396600915608e+19
435,evmos154qs88c9n5zezulfvqkdgtvns0srpt83cxxxhm,ACTION_IBC_TRANSFER,286147,1.8353001633417147e+20,1.8353001633417147e+20,3.6572664884869812e+19,9.309839198673056e+18
762,evmos155nvaatu9w7efd86455kzxs9wjjq63zx98tdxu,ACTION_IBC_TRANSFER,3420767,3.3574322358260407e+20,3.3574322358260407e+20,5.277336282450278e+19,3.1162443071148237e+19
679,evmos15cxjvm6j4ujk7sts65rjm0m835zg6r38f25p8c,ACTION_IBC_TRANSFER,2823252,1.8353001633417147e+20,1.8353001633417147e+20,3.765784899046212e+19,8.224655093080744e+18
627,evmos15ea5sfdcvyvta662xpsn2ugmxz234vrkyjyuln,ACTION_IBC_TRANSFER,2600165,4.073588320559075e+20,4.073588320559075e+20,1.0115554561509638e+20,6.841623988804977e+17
778,evmos15kuyqke44arum9afduxagd0lpd6gx6des744ua,ACTION_IBC_TRANSFER,3567085,6.871448517080775e+20,6.871448517080775e+20,9.664944410964196e+19,7.513676881737743e+19
763,evmos15w4r23nwmpzuvvdztgcmln8mgfnzvscnjj53v0,ACTION_IBC_TRANSFER,3427526,1.8353001633417147e+20,1.8353001633417147e+20,3.2410320020342305e+19,1.3472184063200563e+19
907,evmos15xx7jxdzj784dfmph9ya4dyr7hwhvamk26e55p,ACTION_IBC_TRANSFER,4234904,1.11914407860868e+20,1.11914407860868e+20,1.047483159573721e+19,1.750377036947979e+19
817,evmos162rrlty48uku654hc9uf2ylt2ld4q8xgz5dy6e,ACTION_IBC_TRANSFER,3790073,2.954444241950395e+20,2.954444241950395e+20,4.348372798975782e+19,3.0377378059002053e+19
877,evmos165fg0dqgjv8gl3atekpa24a3506crggg0t5906,ACTION_IBC_TRANSFER,4149577,1.8353001633417147e+20,1.8353001633417147e+20,2.2025433657600885e+19,2.3857070425941983e+19
836,evmos168rekxwddsq5ns0n2l9f2st5ruxjrlr3yptdcn,ACTION_IBC_TRANSFER,3911618,5.1927323991677554e+20,5.1927323991677554e+20,5.6689342108796985e+19,7.31289678703969e+19
862,evmos16evj3ehu7huzxlm0wnp7y9z2ytu70xhzkujc9v,ACTION_IBC_TRANSFER,4063542,1.8353001633417147e+20,1.8353001633417147e+20,1.7522909394129496e+19,2.8359594689413374e+19
765,evmos16hq4anj0r07q60dq8ma4evhlw7pymh02czxw5m,ACTION_IBC_TRANSFER,3474364,1.8353001633417147e+20,1.8353001633417147e+20,3.02399784222267e+19,1.564252566131617e+19
797,evmos16mq7xv5074xk2w6hyghuap7l7rdajd7lknyjuf,ACTION_IBC_TRANSFER,3668302,4.073588320559075e+20,4.073588320559075e+20,5.5912384146665366e+19,4.592732386731151e+19
682,evmos16nsxy6mwevx2lj8z8jfrphy0x4d9zpc8xlx7g3,ACTION_IBC_TRANSFER,2879690,6.871448517080775e+20,6.871448517080775e+20,1.3754334751499362e+20,3.424286541202576e+19
864,evmos16qg0c3k3fywt7luahk6ftyexms4fdxmrkavp2r,ACTION_IBC_TRANSFER,4092163,1.8353001633417147e+20,1.8353001633417147e+20,2.2918542272468505e+19,2.2963961811074363e+19
834,evmos16s94n689w54l98w4tjuhk5a54v6uxswdhesmxf,ACTION_IBC_TRANSFER,3890119,1.0228880752906817e+21,1.0228880752906817e+21,1.11116993235596e+20,1.4460502558707442e+20
921,evmos16wyxutdvf9cxqk42f9d2u669p3sajeaxkyuy7a,ACTION_IBC_TRANSFER,4327296,1.8353001633417147e+20,1.8353001633417147e+20,1.337459328688421e+19,3.2507910796658655e+19
902,evmos16zurkhzzuxa8z863w67w0uv4kwyyck2tr3m672,ACTION_IBC_TRANSFER,4197392,5.1927323991677554e+20,5.1927323991677554e+20,4.292828501319743e+19,8.689002496599645e+19
412,evmos179mlm4rps8rz0zc9xf2pkjx95f9supqgpmdnnl,ACTION_IBC_TRANSFER,282961,1.8353001633417147e+20,1.8353001633417147e+20,3.5391338360871805e+19,1.0491165722671063e+19
841,evmos17a7unyn33zewpknwukqygc6vt2ewj4swxlvmx5,ACTION_IBC_TRANSFER,3974567,2.954444241950395e+20,2.954444241950395e+20,3.028696033913795e+19,4.357414570962192e+19
776,evmos17drar8jn9395zwxyk54n4nrnh5pggq2tc0zss2,ACTION_IBC_TRANSFER,3555779,1.8353001633417147e+20,1.8353001633417147e+20,3.3872947281527276e+19,1.2009556802015592e+19
993,evmos17e4luvdafaj9zf3ly7g7aqdtk7hu2ljzvphkxd,ACTION_IBC_TRANSFER,4712414,1.8353001633417147e+20,1.8353001633417147e+20,2.3523098881760535e+19,2.2359405201782333e+19
783,evmos17f97r0759lwwnn9semw73rdmgad7jzdezh7a5l,ACTION_IBC_TRANSFER,3598185,1.8353001633417147e+20,1.8353001633417147e+20,2.5732124825970946e+19,2.015037925757192e+19
932,evmos17g6papuw6x04ev82myj83l6wx9vvcu3q9fg5rh,ACTION_IBC_TRANSFER,4348415,1.8353001633417147e+20,1.8353001633417147e+20,1.2063377237761346e+19,3.3819126845781524e+19
659,evmos17qslkk7p9dztmt8dt8wtn7rg56umvatmptya2x,ACTION_IBC_TRANSFER,2749122,1.8353001633417147e+20,1.8353001633417147e+20,4.466429768992946e+19,1.2182063936134103e+18
894,evmos17rtd7njfhzqvflqj5trggk734wljzwxfeyze5f,ACTION_IBC_TRANSFER,4156891,1.8353001633417147e+20,1.8353001633417147e+20,1.8112838787368518e+19,2.776966529617435e+19
963,evmos17svxdmjg45gj0ghegtzkptlfcuqe8sy5hpec45,ACTION_IBC_TRANSFER,4477937,1.8353001633417147e+20,1.8353001633417147e+20,1.1313073318078046e+19,3.456943076546482e+19
388,evmos1846asz0qfrl3ktwyf9u2wkpzmgcs9klgracamv,ACTION_IBC_TRANSFER,281410,1.8353001633417147e+20,1.8353001633417147e+20,3.547404636309303e+19,1.040845772044984e+19
225,evmos1856mterrqagdj3w38u2zrg93849v0ey3shean7,ACTION_IBC_TRANSFER,274769,5.1927323991677554e+20,5.1927323991677554e+20,7.952614949678298e+19,5.0292160482410906e+19
1020,evmos185gq4ur4hvmnvr2h9f6pxcu6vl0chsvscg0h0q,ACTION_IBC_TRANSFER,5026594,1.8353001633417147e+20,1.8353001633417147e+20,3.1126102727801257e+18,4.276989381076274e+19
586,evmos187cnwd75l53gfa0yxlvnn5aqj4t3p6juk6t9n0,ACTION_IBC_TRANSFER,2458432,2.23828815721736e+20,2.23828815721736e+20,5.500051677424704e+19,9.56687156186964e+17
106,evmos188kxacfnp4sc4rnuescpzdk2t3w327024qjlzd,ACTION_IBC_TRANSFER,274426,1.8353001633417147e+20,1.8353001633417147e+20,4.303545013494999e+19,2.8470539485928817e+18
668,evmos18dzfphl03a895hag8wyx97sepuly67esfhx2ya,ACTION_IBC_TRANSFER,2796612,4.073588320559075e+20,4.073588320559075e+20,8.748742387671474e+19,1.4352284137262137e+19
922,evmos18ftcgpfmflcqpmy79vlqnenxhmz6na5uts4dtm,ACTION_IBC_TRANSFER,4327417,2.954444241950395e+20,2.954444241950395e+20,2.6772340771589874e+19,4.708876527717e+19
955,evmos18h4kx4935mae7hk3a677e6pssz36aksx0yvd3t,ACTION_IBC_TRANSFER,4465765,6.871448517080775e+20,6.871448517080775e+20,3.817057129358931e+19,1.3361564163343008e+20
912,evmos18jthmvmqgkcvtydanucpqdfvhu46amm9vxe6jx,ACTION_IBC_TRANSFER,4265564,1.11914407860868e+20,1.11914407860868e+20,1.1809798515148677e+19,1.6168803450068324e+19
409,evmos18jtr958kvgc0q4306y572lx0ngltrdzyzqqakc,ACTION_IBC_TRANSFER,282873,1.8353001633417147e+20,1.8353001633417147e+20,3.5395974479279112e+19,1.0486529604263756e+19
394,evmos18jwmcye8dz4s7we4ge5y6llekur3kq2uc08gug,ACTION_IBC_TRANSFER,282304,1.8353001633417147e+20,1.8353001633417147e+20,3.5426608970832683e+19,1.0455895112710185e+19
974,evmos18vc047wgzgttm668564alc2t2j3nwhelm9ratg,ACTION_IBC_TRANSFER,4534226,1.11914407860868e+20,1.11914407860868e+20,5.792130626125204e+18,2.2186471339091796e+19
760,evmos18z7q9sw2dfdky4zddzlqru0vglfngdr2pjcep3,ACTION_IBC_TRANSFER,3414647,2.954444241950395e+20,2.954444241950395e+20,4.878011649373356e+19,2.5080989555026313e+19
402,evmos197hljncjx27jrsy4yqfs7ka754uklt8ygp7rl7,ACTION_IBC_TRANSFER,282733,1.8353001633417147e+20,1.8353001633417147e+20,3.5403538385463534e+19,1.0478965698079334e+19
69,evmos19ks7wzu2zssgfzzudhacpp09kc9zqcu8gvy7zq,ACTION_IBC_TRANSFER,274200,6.311876477776434e+20,6.311876477776434e+20,1.459392179788057e+20,1.1857693965605159e+19
675,evmos19mld5lapx5zumzp7tcvz5nt0h666u7hfg7glhr,ACTION_IBC_TRANSFER,2823188,1.8353001633417147e+20,1.8353001633417147e+20,3.7658937691104076e+19,8.223566392438792e+18
516,evmos19pkgd5r0h282jze4u472k6npq9ufcq6txy2kal,ACTION_IBC_TRANSFER,1140143,5.752304438472096e+20,5.752304438472096e+20,1.3612218614375822e+20,7.685424818044174e+18
413,evmos19rhhktgdp9g4mauk3q5p9rdu79xemf9qha5953,ACTION_IBC_TRANSFER,282976,1.8353001633417147e+20,1.8353001633417147e+20,3.539051730395303e+19,1.0491986779589837e+19
983,evmos19rnclhg0ctnq9ys2rcym5z66dfw90q6lxy2lyv,ACTION_IBC_TRANSFER,4569947,1.8353001633417147e+20,1.8353001633417147e+20,9.23395660360116e+18,3.664854747994171e+19
870,evmos19tfpprwf25twdcg4lywgdwa4jd0n94htvd9kna,ACTION_IBC_TRANSFER,4113200,3.5140162812547354e+20,3.5140162812547354e+20,3.247714447111712e+19,5.5373262560251265e+19
1007,evmos19wjtcyd9lytj5pge2e3jj2t6nknc47lqm0tcut,ACTION_IBC_TRANSFER,4877210,1.8353001633417147e+20,1.8353001633417147e+20,3.340633087303178e+18,4.254187099623969e+19
662,evmos19yflusnp4l7snythx2sxv8tyrnt0w5jcpnthlh,ACTION_IBC_TRANSFER,2781511,1.8353001633417147e+20,1.8353001633417147e+20,4.129984074505839e+19,4.582663338484482e+18
8,evmos19zrtt2uncccycgcm9efgedu0hr27qfdvkwyvtf,ACTION_IBC_TRANSFER,273950,6.311876477776434e+20,6.311876477776434e+20,4.6566187272593334e+19,1.1123072467181752e+20
985,evmos1a2fgekpdgzl25rxrfd8yr8cytcsljrfc28uvs9,ACTION_IBC_TRANSFER,4576208,1.11914407860868e+20,1.11914407860868e+20,1.0191461379243698e+19,1.7787140585973303e+19
950,evmos1a44sh6utlrdl5zwc3jlyyewye83whhn8nv68td,ACTION_IBC_TRANSFER,4441559,1.8353001633417147e+20,1.8353001633417147e+20,1.1673474120511005e+19,3.4209029963031863e+19
799,evmos1a6etlsall04x0fyharsg375hyjvxu0ykyya9xr,ACTION_IBC_TRANSFER,3673057,7.431020556385116e+20,7.431020556385116e+20,1.0029314675561187e+20,8.548236715401604e+19
307,evmos1ah39yvy9m8v57sh5l9qgfeegmzqn7t5gpvs4m9,ACTION_IBC_TRANSFER,275199,4.47657631443472e+20,4.47657631443472e+20,3.718136369876083e+19,7.473304416210718e+19
739,evmos1ahgad4qvwuu8kclulrgpe95j03aas6we9gupw4,ACTION_IBC_TRANSFER,3251778,6.311876477776434e+20,6.311876477776434e+20,1.3374777031881731e+20,2.4049141625593545e+19
863,evmos1au8undkhgp0uqa0l60d5wjgyjgldmhan0pxgxn,ACTION_IBC_TRANSFER,4089180,6.311876477776434e+20,6.311876477776434e+20,5.9094320804236616e+19,9.870259114017423e+19
411,evmos1auj9r0llq52pa5yt78jmjxunwm0ud7fxfrlqgd,ACTION_IBC_TRANSFER,282919,1.8353001633417147e+20,1.8353001633417147e+20,3.539354684669189e+19,1.0488957236850979e+19
1021,evmos1ay75clhj28z6yws9fjk05slkmmzvrrs7wda6p9,ACTION_IBC_TRANSFER,5070996,6.871448517080775e+20,6.871448517080775e+20,1.946746156869273e+17,1.7159153831133246e+20
389,evmos1c0lhtyu86ac2u8sqjvlpdx6udxr8n2pv4vd8zx,ACTION_IBC_TRANSFER,281444,1.8353001633417147e+20,1.8353001633417147e+20,3.547221308674968e+19,1.0410290996793188e+19
125,evmos1c0tv4x5du3lzx3lur9l0ee8kpafywq33kfhtja,ACTION_IBC_TRANSFER,274479,1.8353001633417147e+20,1.8353001633417147e+20,3.722216309608056e+19,8.660340987462312e+18
613,evmos1c4x64lud59l9ha5cfg2tu0v7m7nnq9n6p43ggy,ACTION_IBC_TRANSFER,2541022,3.3574322358260407e+20,3.3574322358260407e+20,8.076435607799448e+19,3.171449817656541e+18
977,evmos1cffzy8hcrrc5sq9mc09lshm5rd4754m7krwusv,ACTION_IBC_TRANSFER,4548879,1.8353001633417147e+20,1.8353001633417147e+20,9.024085941425346e+18,3.6858418142117523e+19
417,evmos1clu88lyhttmvrhelxswz03hq9gykhecuknha9h,ACTION_IBC_TRANSFER,283051,1.8353001633417147e+20,1.8353001633417147e+20,3.5386629235530166e+19,1.0495874848012702e+19
995,evmos1clwzkwassjr4p8kfy52l9dvwa47m5q36ytnypm,ACTION_IBC_TRANSFER,4733304,4.073588320559075e+20,4.073588320559075e+20,3.69675870795748e+19,6.487212093440208e+19
811,evmos1csaksh4yhs5y4jcraxu5j4ncszs6aakpcxnaza,ACTION_IBC_TRANSFER,3748183,1.8353001633417147e+20,1.8353001633417147e+20,2.2207815838271422e+19,2.3674688245271446e+19
688,evmos1ctf63qn5f43xs0g556jnk7ygmu4z4kjk2d06t3,ACTION_IBC_TRANSFER,2903893,1.8353001633417147e+20,1.8353001633417147e+20,4.0307054216865006e+19,5.575449866677862e+18
210,evmos1cw8akkxstwn7u87z83866fjkzhqde29ygyz3s3,ACTION_IBC_TRANSFER,274666,1.8353001633417147e+20,1.8353001633417147e+20,3.5835007901643096e+19,1.0047496181899772e+19
914,evmos1d02z944hhwqkz6n9hfzue9w9jzzmkmym6y8nqy,ACTION_IBC_TRANSFER,4296806,2.23828815721736e+20,2.23828815721736e+20,1.7482149256320528e+19,3.847505467411348e+19
728,evmos1d80em3yux49vx993apn87h6cz828hyc7sd24v9,ACTION_IBC_TRANSFER,3137984,1.8353001633417147e+20,1.8353001633417147e+20,3.3724777933064344e+19,1.2157726150478524e+19
999,evmos1dddn64769tn2r6vj33ju2g62tteezerek48r83,ACTION_IBC_TRANSFER,4801879,1.8353001633417147e+20,1.8353001633417147e+20,4.780510182620005e+18,4.110199390092286e+19
913,evmos1dg992jtnq9dxkwjys7u2vdx4fe60ad77sxzrpe,ACTION_IBC_TRANSFER,4281120,1.8353001633417147e+20,1.8353001633417147e+20,1.4709206538052407e+19,3.117329754549046e+19
946,evmos1dhyk954nm7gc67u4209yff33yaqaap7q0a6dnt,ACTION_IBC_TRANSFER,4428019,1.11914407860868e+20,1.11914407860868e+20,2.6166957470042948e+19,1.811644495174054e+18
849,evmos1dkcujd77p27n3nw59y4y7tsqk92tnry54d46pf,ACTION_IBC_TRANSFER,4010887,7.990592595689455e+20,7.990592595689455e+20,7.966167244299069e+19,1.2010314244924568e+20
244,evmos1dltt9ef56a8w9z6k6kur7wtygjgxddzrzn7yn9,ACTION_IBC_TRANSFER,274802,5.752304438472096e+20,5.752304438472096e+20,8.738895905901191e+19,5.641865190279048e+19
401,evmos1dnzcdghgrz0euzkkwdlynglwgxvulmg767adyt,ACTION_IBC_TRANSFER,282707,1.8353001633417147e+20,1.8353001633417147e+20,3.5404906774511505e+19,1.0477597309031363e+19
934,evmos1dp82cysvmlla0q7hrz43scaj8g8guptg8x2vsh,ACTION_IBC_TRANSFER,4354937,5.1927323991677554e+20,5.1927323991677554e+20,4.67666035121313e+19,8.305170646706258e+19
911,evmos1dqme60dn4qzqje3v2tlkhp3ptw70wfmm64ktfm,ACTION_IBC_TRANSFER,4258917,1.8353001633417147e+20,1.8353001633417147e+20,1.588594350792269e+19,2.9996560575620178e+19
655,evmos1ds36rhqm3mhuktgpqwxgzedkpwpt7l2mzxcuug,ACTION_IBC_TRANSFER,2713114,1.8353001633417147e+20,1.8353001633417147e+20,3.949592069007426e+19,6.386583393468604e+18
1009,evmos1dsghpg3sarjm5jhwc92cksw3kqnrf4682xglft,ACTION_IBC_TRANSFER,4886845,3.3574322358260407e+20,3.3574322358260407e+20,5.715949655702174e+18,7.821985623994884e+19
685,evmos1duzu7gmua30jl9rfkw5e85te8e7fmw6v77ddys,ACTION_IBC_TRANSFER,2895759,3.5140162812547354e+20,3.5140162812547354e+20,7.772193527900375e+19,1.0128471752364638e+19
855,evmos1e6ltmckcj42cdp6yx07qu8k4hxsucgcf8h3v3k,ACTION_IBC_TRANSFER,4029164,1.8353001633417147e+20,1.8353001633417147e+20,2.4441352445001376e+19,2.1441151638541492e+19
980,evmos1e6t2wgfmpmyqmaut85a05yzaxgzrsmwqv97zvq,ACTION_IBC_TRANSFER,4558032,4.073588320559075e+20,4.073588320559075e+20,1.8949657924334633e+19,8.289005008964225e+19
689,evmos1e9kudxft6xmjut8hdhhdt3mvrmcgrjtet4dqsk,ACTION_IBC_TRANSFER,2904645,1.8353001633417147e+20,1.8353001633417147e+20,4.4076165622627615e+19,1.8063384609152532e+18
928,evmos1eam4f7kp7y4wapwxaaqgtegs4swjx6zh04dpw8,ACTION_IBC_TRANSFER,4340081,1.8353001633417147e+20,1.8353001633417147e+20,1.8891084269426078e+19,2.699141981411679e+19
945,evmos1eeyuhv90xm2vwksqp4gq09lh668rmhg7ahd3ww,ACTION_IBC_TRANSFER,4427933,3.3574322358260407e+20,3.3574322358260407e+20,7.851133445100292e+19,5.4244714446481e+18
256,evmos1ekejn8cm233h0a3wv7de2v5l5cgt4s4ruht6jc,ACTION_IBC_TRANSFER,275013,6.311876477776434e+20,6.311876477776434e+20,1.4326433158218244e+20,1.4532580362228417e+19
257,evmos1ekejn8cm233h0a3wv7de2v5l5cgt4s4ruht6jc,ACTION_IBC_TRANSFER,275013,6.311876477776434e+20,6.311876477776434e+20,1.4326433158218244e+20,1.4532580362228417e+19
80,evmos1ekur7j4fwyl2844u9336u7zkaneu2shvjtjx5r,ACTION_IBC_TRANSFER,274266,1.11914407860868e+20,1.11914407860868e+20,2.3242377420440814e+19,4.736224544776188e+18
824,evmos1eq3kdn4v467zlvawtfzlr5jmcpcv9qpc4vrsmu,ACTION_IBC_TRANSFER,3835431,2.954444241950395e+20,2.954444241950395e+20,3.495680875784622e+19,3.890429729091365e+19
724,evmos1estl84fu5zpgw2pxdykcdrs8a4pargccldec5s,ACTION_IBC_TRANSFER,3115381,1.8353001633417147e+20,1.8353001633417147e+20,3.737330168402552e+19,8.509202399517352e+18
691,evmos1etac4khnsymrcq9unzcrkvyey2sw2xyuwhjwzv,ACTION_IBC_TRANSFER,2904790,1.8353001633417147e+20,1.8353001633417147e+20,3.632661073923011e+19,9.555893344312758e+18
199,evmos1ex0k60qegetwcmck5uj5dpy0gr8gymrnesr55d,ACTION_IBC_TRANSFER,274662,1.8353001633417147e+20,1.8353001633417147e+20,3.721184474105294e+19,8.670659342489928e+18
941,evmos1f6u34tu3quxvng35mg74fsuv9q273hlgy374fk,ACTION_IBC_TRANSFER,4393610,1.11914407860868e+20,1.11914407860868e+20,2.7575862444899275e+19,4.027395203177267e+17
944,evmos1f75uelvnn0vm7h368z3ww7pv47etpy80qjmfwz,ACTION_IBC_TRANSFER,4427342,1.8353001633417147e+20,1.8353001633417147e+20,1.2122863875022438e+19,3.375964020852043e+19
850,evmos1fdqa64y2dt6hqclg7y78nzu7ldu8m2v4w5gze3,ACTION_IBC_TRANSFER,4011612,4.47657631443472e+20,4.47657631443472e+20,5.402575416025894e+19,5.7888653700609065e+19
956,evmos1ff7zxlrjyujepdr4jvf83xkdn8htpnkjw0y7nt,ACTION_IBC_TRANSFER,4468921,1.8353001633417147e+20,1.8353001633417147e+20,1.1580727264398696e+19,3.430177681914417e+19
686,evmos1fjvrwlxwrwxvzj2vmjcg0rza74mdl2rscha4ld,ACTION_IBC_TRANSFER,2897981,3.3574322358260407e+20,3.3574322358260407e+20,6.665717209573771e+19,1.7278633799913308e+19
58,evmos1fk8m3de40el4gy3cy79r5kk2aukldtpzwenwm4,ACTION_IBC_TRANSFER,274139,1.8353001633417147e+20,1.8353001633417147e+20,3.724105237242878e+19,8.641451711114084e+18
746,evmos1fl2xa7k2wp6pmysur6r5gndgztfdr33czzkmcj,ACTION_IBC_TRANSFER,3321637,2.23828815721736e+20,2.23828815721736e+20,3.815190786852303e+19,1.7805296061910974e+19
910,evmos1fmp5wn6tpkcnlfv96fqph8h3mar37ajmgtsk8z,ACTION_IBC_TRANSFER,4244871,1.11914407860868e+20,1.11914407860868e+20,1.1175359149583614e+19,1.6803242815633388e+19
935,evmos1fyh4642mht5xdx52ch2k6s5lcdyr2jtzaepy5a,ACTION_IBC_TRANSFER,4353808,2.954444241950395e+20,2.954444241950395e+20,2.0192568087401173e+19,5.3668537961358705e+19
649,evmos1fyuzvvc65ls77ajr4fnnvfe8pmjj6zkcjnwqf2,ACTION_IBC_TRANSFER,2675670,1.8353001633417147e+20,1.8353001633417147e+20,4.433758759752845e+19,1.544916486014419e+18
823,evmos1g2us85hpc7cvsgmk087xtyly4wtys2904uc9vn,ACTION_IBC_TRANSFER,3830404,2.954444241950395e+20,2.954444241950395e+20,4.029877280931767e+19,3.3562333239442203e+19
846,evmos1g3783muz65jmtljev4nm292dy3fkr5sqe0e83j,ACTION_IBC_TRANSFER,4002908,1.8353001633417147e+20,1.8353001633417147e+20,3.5795274578072445e+19,1.0087229505470423e+19
708,evmos1g3zejyrvseschlkvffgmrv2rxr0me80ukuljp5,ACTION_IBC_TRANSFER,2979702,2.23828815721736e+20,2.23828815721736e+20,5.132449423962303e+19,4.632709690810974e+18
994,evmos1g5ddrudfdlsvx0gkpw04h5uv039jpl5vptxemy,ACTION_IBC_TRANSFER,4730909,1.8353001633417147e+20,1.8353001633417147e+20,6.265659738783963e+18,3.96168443447589e+19
745,evmos1g8gsfpnr9vazqhu8w63d0ag37pqqshj6zh03d4,ACTION_IBC_TRANSFER,3318944,4.073588320559075e+20,4.073588320559075e+20,7.857178373675786e+19,2.3267924277219017e+19
236,evmos1g8mv6ze9xj5tpj7wkcpvwd7j3ay7e6hsnmeufd,ACTION_IBC_TRANSFER,274784,2.954444241950395e+20,2.954444241950395e+20,3.720495344051834e+19,3.6656152608241533e+19
854,evmos1g993wtfuac70e2r4myt6zqulh03png336v0c39,ACTION_IBC_TRANSFER,4026453,1.8353001633417147e+20,1.8353001633417147e+20,2.7461313987522826e+19,1.8421190096020042e+19
137,evmos1gg2z2y3ncjwh0wd0q6e7tj2ecma04my0hz8n9f,ACTION_IBC_TRANSFER,274509,5.1927323991677554e+20,5.1927323991677554e+20,1.0753067539101226e+20,2.2287634588181627e+19
141,evmos1gg2z2y3ncjwh0wd0q6e7tj2ecma04my0hz8n9f,ACTION_IBC_TRANSFER,274509,5.1927323991677554e+20,5.1927323991677554e+20,1.0753067539101226e+20,2.2287634588181627e+19
138,evmos1gg2z2y3ncjwh0wd0q6e7tj2ecma04my0hz8n9f,ACTION_IBC_TRANSFER,274509,5.1927323991677554e+20,5.1927323991677554e+20,1.014144776170392e+20,2.840383236215469e+19
146,evmos1gg2z2y3ncjwh0wd0q6e7tj2ecma04my0hz8n9f,ACTION_IBC_TRANSFER,274509,5.1927323991677554e+20,5.1927323991677554e+20,1.0753067539101226e+20,2.2287634588181627e+19
112,evmos1gkfrsy456camh3ufqqefuqsz4cp2z4c2wdmjlt,ACTION_IBC_TRANSFER,274445,5.1927323991677554e+20,5.1927323991677554e+20,1.0891833223434999e+20,2.08999777448439e+19
245,evmos1gmzwnuptduwjcfr8af34ac7m4zh9drk76rn76z,ACTION_IBC_TRANSFER,275000,1.8353001633417147e+20,1.8353001633417147e+20,3.719268453356717e+19,8.689819549975699e+18
949,evmos1gqvpd9sjejeg4sfcd4vrj080zwr2rryndg675z,ACTION_IBC_TRANSFER,4436577,1.8353001633417147e+20,1.8353001633417147e+20,1.3414755204670138e+19,3.246774887887273e+19
976,evmos1gujf940rrmgu9wp3vykfk9c94ax2nd0qtw3pxg,ACTION_IBC_TRANSFER,4542912,4.073588320559075e+20,4.073588320559075e+20,1.984798664181869e+19,8.19917213721582e+19
606,evmos1gvfv6vc7t9xw7qkg8cxjech2uzu2667ynrc3dm,ACTION_IBC_TRANSFER,2529775,2.954444241950395e+20,2.954444241950395e+20,6.844439860399078e+19,5.416707444769096e+18
1000,evmos1gzln7fwa3md45al9e4cg75q77j8zy3gveq92qm,ACTION_IBC_TRANSFER,4813937,4.073588320559075e+20,4.073588320559075e+20,3.05777517485801e+18,9.878193283911886e+19
1012,evmos1h2ukzgygjgggk8v924gjefh8vy2dhcqr272hx7,ACTION_IBC_TRANSFER,4921136,1.8353001633417147e+20,1.8353001633417147e+20,2.6521867402351524e+18,4.323031734330772e+19
871,evmos1h3laqcrmul79zwtw6j63ncsl0adfj07w2as296,ACTION_IBC_TRANSFER,4118799,1.8353001633417147e+20,1.8353001633417147e+20,3.1875909703942525e+19,1.4006594379600343e+19
959,evmos1h3tmuudtchwymrgpfxx2fd7q8l9zyvwnc0xmjx,ACTION_IBC_TRANSFER,4474274,1.11914407860868e+20,1.11914407860868e+20,7.745468800267621e+18,2.023313316494938e+19
876,evmos1h5p2ddyw52vt8yrnqlkz2wpfclzrna5jqq2weh,ACTION_IBC_TRANSFER,4125975,1.8353001633417147e+20,1.8353001633417147e+20,1.581493011376497e+19,3.0067573969777897e+19
813,evmos1hcd0hjf6kskhvhvs77c95ms9lntc7lu6uxakn3,ACTION_IBC_TRANSFER,3771332,2.23828815721736e+20,2.23828815721736e+20,3.490322850663122e+19,2.105397542380278e+19
646,evmos1hffm3rz4j3pfq08p7j5jt67jaecukhnqarg39a,ACTION_IBC_TRANSFER,2662422,1.6787161179130203e+20,1.6787161179130203e+20,3.999326882641118e+19,1.9746341214143283e+18
933,evmos1hhz0jwc0r5lfphrqak69jq348phmrlu2rhhumy,ACTION_IBC_TRANSFER,4348441,1.8353001633417147e+20,1.8353001633417147e+20,1.2062920900968067e+19,3.38195831825748e+19
11,evmos1hns3f3l86nlcyqxwz598ymmpp5d4ztcgl3wnh3,ACTION_IBC_TRANSFER,273966,7.990592595689455e+20,7.990592595689455e+20,1.8976910496457792e+20,9.995709927658455e+18
931,evmos1hz3rjfsm2j2hhydx2as38ytmvcf2h3k5ke0chd,ACTION_IBC_TRANSFER,4348374,1.8353001633417147e+20,1.8353001633417147e+20,1.2064040104665524e+19,3.3818463978877346e+19
710,evmos1j2lwe70wnsvm3vuj6lys8j79s0cf6akcfdzjw2,ACTION_IBC_TRANSFER,3003582,1.8353001633417147e+20,1.8353001633417147e+20,3.8554778403852075e+19,7.327725679690793e+18
838,evmos1j4z8u4st9wf38u4vw3hx0uya0smqht4zhstjcf,ACTION_IBC_TRANSFER,3940800,1.8353001633417147e+20,1.8353001633417147e+20,2.176385855055576e+19,2.411864553298711e+19
767,evmos1jescg8k528x5ze4r5fl5v8huqpqqh6aq8s2nux,ACTION_IBC_TRANSFER,3483952,3.5140162812547354e+20,3.5140162812547354e+20,5.317647431860011e+19,3.4673932712768274e+19
828,evmos1jgfc0zgcdah5hnn6rep5dnu6u90alwalqf3d6n,ACTION_IBC_TRANSFER,3856255,2.954444241950395e+20,2.954444241950395e+20,4.039265050811228e+19,3.346845554064759e+19
505,evmos1jgmxhenaw4f2s9f5pqeyk9ela6nkcpqyvx4dcl,ACTION_IBC_TRANSFER,1132380,8.550164634993796e+20,8.550164634993796e+20,2.072795321339454e+20,6.474583740899492e+18
953,evmos1jhuexaurjzvm0jgt3drkknc9ju9u47rnrem5t3,ACTION_IBC_TRANSFER,4462448,1.8353001633417147e+20,1.8353001633417147e+20,1.0147431108130068e+19,3.5735072975412797e+19
833,evmos1jqm6f0hcc7q0pn6z37f60hsjmc7sycfll5rgw9,ACTION_IBC_TRANSFER,3886571,4.073588320559075e+20,4.073588320559075e+20,4.40816122185878e+19,5.775809579538908e+19
645,evmos1jr7kr3pxhfehv2v2huuruk963cn2e6sv9gglup,ACTION_IBC_TRANSFER,2656787,4.073588320559075e+20,4.073588320559075e+20,9.264176205888001e+19,9.197945955096871e+18
398,evmos1jsneywkxfsw59lzaanehu7eke4xapfhs0zeh4r,ACTION_IBC_TRANSFER,282656,1.8353001633417147e+20,1.8353001633417147e+20,3.540766183333074e+19,1.0474842250212127e+19
297,evmos1jwvxrv2e5ljhg30le3yxlnguh2szlfmk0tjd7p,ACTION_IBC_TRANSFER,275180,1.8353001633417147e+20,1.8353001633417147e+20,3.718250821066851e+19,8.699995872874357e+18
774,evmos1k2guehkm44fnu5tt75afjdavdm6j3yuef0mcgd,ACTION_IBC_TRANSFER,3544698,1.8353001633417147e+20,1.8353001633417147e+20,3.4905437680051474e+19,1.0977066403491394e+19
848,evmos1k5pvgdca8mywpssklcj5dld67m8n347kr24jn0,ACTION_IBC_TRANSFER,4010213,1.8353001633417147e+20,1.8353001633417147e+20,1.7774957264569606e+19,2.810754681897326e+19
614,evmos1k5sv5ng885sqar4adahkdxgdxld737pc2k3vnv,ACTION_IBC_TRANSFER,2545307,1.8353001633417147e+20,1.8353001633417147e+20,4.565394323348623e+19,2.2856085005663437e+17
986,evmos1k6er0ssepn6xl3fsvt8v55z63quumwa80hd0k4,ACTION_IBC_TRANSFER,4605448,4.073588320559075e+20,4.073588320559075e+20,6.903620208604362e+19,3.2803505927933256e+19
775,evmos1k89tmfrl2cs46tv6n009kd6l4ury84938kupvj,ACTION_IBC_TRANSFER,3545836,1.8353001633417147e+20,1.8353001633417147e+20,2.5667701965645386e+19,2.0214802117897482e+19
298,evmos1kf3tpxnf30u07cgysfy7m9dt5pwr38jf6jdpzw,ACTION_IBC_TRANSFER,275180,1.8353001633417147e+20,1.8353001633417147e+20,4.101033442122493e+19,4.872169662317937e+18
38,evmos1kgh4n869pvjxspzupwyleegawcz2v43k7khj66,ACTION_IBC_TRANSFER,274091,1.8353001633417147e+20,1.8353001633417147e+20,4.511894039563203e+19,7.635636879108342e+17
211,evmos1khcdnswfj03lfjxeszj3n4mcszg4y97cdmqzsh,ACTION_IBC_TRANSFER,274668,1.8353001633417147e+20,1.8353001633417147e+20,3.721150599878696e+19,8.670998084755907e+18
904,evmos1kl3z0j5u7ylm47tur3r0elhlk53gegkz2em6h0,ACTION_IBC_TRANSFER,4212665,5.1927323991677554e+20,5.1927323991677554e+20,5.720349032414811e+19,7.2614819655045775e+19
734,evmos1klu64ju8ltv8r0c935ctedcwewj6fyv46yau5c,ACTION_IBC_TRANSFER,3191891,4.073588320559075e+20,4.073588320559075e+20,8.548683998782643e+19,1.6352868026150453e+19
660,evmos1kps8u2700he26xrh29nvnvhy9t5z5wam7hx9lq,ACTION_IBC_TRANSFER,2749210,4.633160359863415e+20,4.633160359863415e+20,9.819060299813082e+19,1.7638405998454555e+19
948,evmos1ksxreds2sd5cfyvgm4h8hprhpdf0vyzm93fy3c,ACTION_IBC_TRANSFER,4431157,1.8353001633417147e+20,1.8353001633417147e+20,1.0675223516324276e+19,3.5207280567218594e+19
207,evmos1kt0xguedw8q3j7y4upzu56vqhnxjgqkl5p55mp,ACTION_IBC_TRANSFER,274664,1.8353001633417147e+20,1.8353001633417147e+20,3.721173448828524e+19,8.670769595257627e+18
725,evmos1kz22980et2kqkhek3gxywgqdpmgz5xvy2uwe02,ACTION_IBC_TRANSFER,3116963,1.8353001633417147e+20,1.8353001633417147e+20,3.4084434532103287e+19,1.1798069551439581e+19
732,evmos1l30sct3z3clxjwm4rgaju44l0pm0xd8825c40s,ACTION_IBC_TRANSFER,3169142,1.8353001633417147e+20,1.8353001633417147e+20,3.3191313629446095e+19,1.2691190454096773e+19
629,evmos1l3hkzt9tzf59xah5vdwjem3gg7s4cvas8snxkg,ACTION_IBC_TRANSFER,2604106,3.3574322358260407e+20,3.3574322358260407e+20,8.348314975266164e+19,4.5265614298937754e+17
416,evmos1l5vlrw2nyjz668eut7rhcmhs4nm8a9f8f8zlhq,ACTION_IBC_TRANSFER,283017,1.8353001633417147e+20,1.8353001633417147e+20,3.5388387835448504e+19,1.0494116248094364e+19
90,evmos1l7s5a7vp9j7welu48g8ply3eg8mce33cawh3rf,ACTION_IBC_TRANSFER,274347,9.109736674298136e+20,9.109736674298136e+20,1.4340936252792929e+20,8.433405432952411e+19
918,evmos1lfpldpgmm9h2mh76dddrnlm57yu2uphls6kmd8,ACTION_IBC_TRANSFER,4307353,5.1927323991677554e+20,5.1927323991677554e+20,3.6090068972123664e+19,9.372824100707022e+19
415,evmos1lhejx2y6j3kt7p2ez92rwkm0d3sfnak0clcxld,ACTION_IBC_TRANSFER,283005,1.8353001633417147e+20,1.8353001633417147e+20,3.5389008380890518e+19,1.049349570265235e+19
665,evmos1llx44pfdptevl340mw9suxfzh46wps9w4w7e9m,ACTION_IBC_TRANSFER,2789254,3.3574322358260407e+20,3.3574322358260407e+20,7.573902510098153e+19,8.196780794669482e+18
997,evmos1lsq2ftryg60mdkl6nu3xtf337d8q4w993cw283,ACTION_IBC_TRANSFER,4766412,2.23828815721736e+20,2.23828815721736e+20,2.446723914822445e+19,3.1489964782209552e+19
969,evmos1lwf68hc6kmn4qncxlg8uvsw6hq06qvfdjjqtfs,ACTION_IBC_TRANSFER,4500498,1.11914407860868e+20,1.11914407860868e+20,1.18895919580246e+19,1.6089010007192402e+19
772,evmos1m09v7vxq7g8jcz2qf4wjvk9zvxw6vrjjzjygsw,ACTION_IBC_TRANSFER,3532299,4.073588320559075e+20,4.073588320559075e+20,6.252938021009796e+19,3.931032780387892e+19
661,evmos1m3grk2zgmp4aeeudtwc8c4845pdte7n0dty6f3,ACTION_IBC_TRANSFER,2772382,2.954444241950395e+20,2.954444241950395e+20,6.474566000055075e+19,9.115446048209125e+18
608,evmos1m5yr7m3qhwmpmc0qv6h4dm4rlql3lgvm0erqtd,ACTION_IBC_TRANSFER,2529848,2.954444241950395e+20,2.954444241950395e+20,6.844251648866938e+19,5.418589560090493e+18
329,evmos1mg9edkc47cne9m7x2m572z8qmv9xk3x87xrxl2,ACTION_IBC_TRANSFER,275277,1.8353001633417147e+20,1.8353001633417147e+20,3.5801780771724235e+19,1.0080723311818633e+19
653,evmos1mgqv7aawyrmgyge690yev9a9ur6y0ddcj7yqg6,ACTION_IBC_TRANSFER,2702345,1.8353001633417147e+20,1.8353001633417147e+20,4.424842274016953e+19,1.6340813433733366e+18
1005,evmos1mjzlu4nfqd02yqkknuvhq0k0yun29prnsws293,ACTION_IBC_TRANSFER,4864901,1.11914407860868e+20,1.11914407860868e+20,8.332074809216266e+18,1.9646527156000735e+19
847,evmos1mk48c5p2uyn0kjg2030zf82fr0wwr59qluhgtd,ACTION_IBC_TRANSFER,4006756,1.8353001633417147e+20,1.8353001633417147e+20,3.5666076644053463e+19,1.0216427439489405e+19
901,evmos1mmn3cuczrk0dmms3wv30yvp8205t4q38crsp3w,ACTION_IBC_TRANSFER,4195596,1.8353001633417147e+20,1.8353001633417147e+20,1.8557288388632244e+19,2.7325215694910624e+19
923,evmos1mnv6cp0vavxvxvu5ylhwnaqw56xqn3x4re3q88,ACTION_IBC_TRANSFER,4329844,1.8353001633417147e+20,1.8353001633417147e+20,2.4693358466716705e+19,2.1189145616826163e+19
673,evmos1mnyssr8ukv9u4d0tt0kgyt4putex3x7s4vkrfd,ACTION_IBC_TRANSFER,2823100,1.8353001633417147e+20,1.8353001633417147e+20,3.7660419899717304e+19,8.222084183825564e+18
964,evmos1mrlnp8cx3t8maq38g35pqhdy4xu9qp94l6hkc7,ACTION_IBC_TRANSFER,4478282,1.8353001633417147e+20,1.8353001633417147e+20,1.1747173141714872e+19,3.4135330941827998e+19
674,evmos1mtur038kmg637zlf7y3ezj57wu7jjtp9mnhqsp,ACTION_IBC_TRANSFER,2823169,1.8353001633417147e+20,1.8353001633417147e+20,3.765924570790987e+19,8.223258375632994e+18
694,evmos1muktyy7qs2gyfkuqmc0yy8rpewx6uvx7au8kd7,ACTION_IBC_TRANSFER,2925721,3.3574322358260407e+20,3.3574322358260407e+20,6.963271571112261e+19,1.4303090184528404e+19
938,evmos1mvqtjslsvx44k9jqhtnxur82k9yx4rwa7mfdgu,ACTION_IBC_TRANSFER,4378424,1.8353001633417147e+20,1.8353001633417147e+20,1.3328836840040165e+19,3.2553667243502703e+19
793,evmos1mw4xrv688y5e89cd56mu3yrywale7femcfdcmw,ACTION_IBC_TRANSFER,3655648,5.1927323991677554e+20,5.1927323991677554e+20,7.0078472200672846e+19,5.973983777852104e+19
1001,evmos1n3n6je6mxqd4d4tt75j4ssf5q5h37x2dwg008p,ACTION_IBC_TRANSFER,4834739,3.3574322358260407e+20,3.3574322358260407e+20,7.474791850719459e+18,7.646101404493156e+19
593,evmos1n4gt4m48x9wrq50gf4tgah2p4xvk274k7kxul9,ACTION_IBC_TRANSFER,2473285,1.8353001633417147e+20,1.8353001633417147e+20,4.347803376633334e+19,2.4044703172095263e+18
751,evmos1n4vrfkcslte6dpvgj4wu9yq9w0ta736unmu8dz,ACTION_IBC_TRANSFER,3375833,3.5140162812547354e+20,3.5140162812547354e+20,5.5705603558027444e+19,3.214480347334094e+19
397,evmos1n9rc5rfgqahqlnsrc3985wqeuz2e5jn6cxz40j,ACTION_IBC_TRANSFER,282572,1.8353001633417147e+20,1.8353001633417147e+20,3.5412125037798584e+19,1.0470379045744284e+19
978,evmos1nc7vc3cmsjewlsu2zsg06cde6h7urycs2qsgqn,ACTION_IBC_TRANSFER,4551890,1.8353001633417147e+20,1.8353001633417147e+20,8.971791785296524e+18,3.691071229824634e+19
832,evmos1ndqupa76ekzrggwx9n74fec8lqluwfg0jy4kze,ACTION_IBC_TRANSFER,3880841,1.11914407860868e+20,1.11914407860868e+20,2.218277470108874e+19,5.795827264128262e+18
399,evmos1nkhv05yexkkxt4ryjqluuruxt6g53ej5xdxqgk,ACTION_IBC_TRANSFER,282682,1.8353001633417147e+20,1.8353001633417147e+20,3.5406241732785537e+19,1.047626235075733e+19
671,evmos1nmyruhap7rlmu44m5fw34xgd4wq4747t97knk7,ACTION_IBC_TRANSFER,2803234,5.1927323991677554e+20,5.1927323991677554e+20,1.1603541619182705e+20,1.3782893787366834e+19
419,evmos1nnnflwznclk8hrrz3prqap6d8ahwlhnya4sq0p,ACTION_IBC_TRANSFER,283074,1.8353001633417147e+20,1.8353001633417147e+20,3.538539126133638e+19,1.0497112822206489e+19
896,evmos1nsu8qludpd9vpyfuvuvuhyd7qtt5czh7ddfnk2,ACTION_IBC_TRANSFER,4167958,2.954444241950395e+20,2.954444241950395e+20,2.6972508877047484e+19,4.688859717171239e+19
806,evmos1ntgcq23wcvr7d5rk5raz0msymwxet7yyz3sd9x,ACTION_IBC_TRANSFER,3720315,1.8353001633417147e+20,1.8353001633417147e+20,3.3263130069938487e+19,1.261937401360438e+19
782,evmos1p479c8cgfz8al6hyvlxfev7j9dcgrv35v9f9mq,ACTION_IBC_TRANSFER,3598139,1.8353001633417147e+20,1.8353001633417147e+20,2.478096177952043e+19,2.1101542304022438e+19
791,evmos1p58py4u5897d96r9npyvvvtx7xqkuw3r5r9syg,ACTION_IBC_TRANSFER,3649662,1.8353001633417147e+20,1.8353001633417147e+20,2.480894538908465e+19,2.1073558694458216e+19
647,evmos1pcpwpfe9x54a9gpa33je7su4u983xhfuh6tjrd,ACTION_IBC_TRANSFER,2662460,2.954444241950395e+20,2.954444241950395e+20,6.4930721256881725e+19,8.930384791878148e+18
390,evmos1pfsm2neda65f8gzfpn3lecym62n8lxxu7hrgu0,ACTION_IBC_TRANSFER,281459,1.8353001633417147e+20,1.8353001633417147e+20,3.5471436302274638e+19,1.041106778126823e+19
1003,evmos1pg66tnwvv5vs6qql892629y4q8hkzayl5hpu4z,ACTION_IBC_TRANSFER,4842734,1.8353001633417147e+20,1.8353001633417147e+20,3.779073300799868e+18,4.2103430782743e+19
696,evmos1ph9csh5sctdc4pgd3suzrry2c250sr3chj6td4,ACTION_IBC_TRANSFER,2930964,2.954444241950395e+20,2.954444241950395e+20,5.916939088890689e+19,1.4691715159852982e+19
979,evmos1phwtncq444su8jgkavrk4azyh4exfa3jhcg53c,ACTION_IBC_TRANSFER,4556598,1.8353001633417147e+20,1.8353001633417147e+20,1.484522482370578e+19,3.1037279259837088e+19
664,evmos1pne2ccrqeh36ap3yfv4j38pk760xxpvzwf0q0e,ACTION_IBC_TRANSFER,2782605,7.789098598751632e+20,7.789098598751632e+20,8.803184414095216e+19,1.0669562082783864e+20
621,evmos1pqqg3ujjlezlq4a92j6h4qmjpdda2r0vgy73ya,ACTION_IBC_TRANSFER,2568127,1.8353001633417147e+20,1.8353001633417147e+20,4.555059400821311e+19,3.319100753297572e+17
1022,evmos1pqsf299rc3smtzvd9pcvz6j9hdx4vwwv2v42wu,ACTION_IBC_TRANSFER,5071745,5.1927323991677554e+20,5.1927323991677554e+20,4.815874759638726e+17,1.2933672250323001e+20
971,evmos1pu5q8ul43t5qng3xx0c7znx3d0lthxq9zkdwzt,ACTION_IBC_TRANSFER,4503000,5.1927323991677554e+20,5.1927323991677554e+20,2.776527860168264e+19,1.0205303137751125e+20
466,evmos1puj6jlrjyvh76shdjmjd4e4q0vqjd44tne6cmh,ACTION_IBC_TRANSFER,1092448,1.8353001633417147e+20,1.8353001633417147e+20,4.421690032561989e+19,1.6656037579229757e+18
867,evmos1puzqe07repvdvchw42yy4e49hevtgpugt74erz,ACTION_IBC_TRANSFER,4106559,1.8353001633417147e+20,1.8353001633417147e+20,1.8592280849870213e+19,2.7290223233672655e+19
736,evmos1pvwm7pvd6q0r5uwx55nl9ccays8tlfrug7p3wa,ACTION_IBC_TRANSFER,3218781,1.11914407860868e+20,1.11914407860868e+20,2.018652869347514e+19,7.792073271741862e+18
1008,evmos1q6mgkye350pq2ykrcu2467xrqn0jspd5zfemkl,ACTION_IBC_TRANSFER,4880520,5.752304438472096e+20,5.752304438472096e+20,1.0473114058185517e+19,1.3333449690361687e+20
808,evmos1qc99y4t293llhaukk6lq74cq8ul38e9dc6xanx,ACTION_IBC_TRANSFER,3726509,1.11914407860868e+20,1.11914407860868e+20,1.5501398171940762e+19,1.247720379327624e+19
802,evmos1qdcmh09m45pvujppr0whvv5jk7kzjyjwte7pxy,ACTION_IBC_TRANSFER,3696646,2.23828815721736e+20,2.23828815721736e+20,3.886196396133918e+19,1.709523996909482e+19
747,evmos1qn68paz6wgsvvq8x77w4vudtuuyhgz28xes5f4,ACTION_IBC_TRANSFER,3338027,8.550164634993796e+20,8.550164634993796e+20,1.3694472726731017e+20,7.680938860753473e+19
788,evmos1qrznch59d85r5smcjvdd43qegp3u9kxz4pgcd6,ACTION_IBC_TRANSFER,3623370,5.1927323991677554e+20,5.1927323991677554e+20,7.730700131394707e+19,5.251130866524681e+19
521,evmos1qshpvzu5405v97y0yw50zm7r9java52yxgzr6k,ACTION_IBC_TRANSFER,1153898,1.11914407860868e+20,1.11914407860868e+20,2.634081666066937e+19,1.637785304547631e+18
768,evmos1qsncjkcxwrw5esrtfddh80jay4n3juvl4gj8cu,ACTION_IBC_TRANSFER,3491747,1.0228880752906817e+21,1.0228880752906817e+21,1.536367374362521e+20,1.020852813864183e+20
227,evmos1qtut300t4az2xfd6e4aywvd8u80szzwkpv7kvu,ACTION_IBC_TRANSFER,274770,6.110382480838613e+20,6.110382480838613e+20,1.4331751585899237e+20,9.442046161972953e+18
229,evmos1qtut300t4az2xfd6e4aywvd8u80szzwkpv7kvu,ACTION_IBC_TRANSFER,274770,6.110382480838613e+20,6.110382480838613e+20,1.4331751585899237e+20,9.442046161972953e+18
228,evmos1qtut300t4az2xfd6e4aywvd8u80szzwkpv7kvu,ACTION_IBC_TRANSFER,274770,6.110382480838613e+20,6.110382480838613e+20,1.4331751585899237e+20,9.442046161972953e+18
693,evmos1qyutadhuv39n2hh94ga2x2j892arfxj4ykgj9e,ACTION_IBC_TRANSFER,2913854,1.8353001633417147e+20,1.8353001633417147e+20,3.85603742958242e+19,7.322129787718664e+18
962,evmos1r04mm9qtlgdmzjx35ax3tvksmdh9vyvx8ra63d,ACTION_IBC_TRANSFER,4477148,1.8353001633417147e+20,1.8353001633417147e+20,9.89993392902994e+18,3.598257015451293e+19
816,evmos1r2eywdurh8nlfxex6tnnexk2yxtgsqmpc9wcer,ACTION_IBC_TRANSFER,3785385,5.1927323991677554e+20,5.1927323991677554e+20,7.002136984386557e+19,5.979694013532832e+19
781,evmos1r2gphsxrxr8kxul58taqgmzn7n4yqdug77uk7c,ACTION_IBC_TRANSFER,3598107,1.8353001633417147e+20,1.8353001633417147e+20,2.4781509558378377e+19,2.110099452516449e+19
716,evmos1r5muk8te0z2url8kntgjst7wygnfmr8xxd7nqa,ACTION_IBC_TRANSFER,3052947,1.8353001633417147e+20,1.8353001633417147e+20,3.941156428121795e+19,6.470939802324918e+18
406,evmos1rd96vv2uqtehkvj3ju42y5cd68ywukwu7a6e32,ACTION_IBC_TRANSFER,282808,1.8353001633417147e+20,1.8353001633417147e+20,3.5399495374461264e+19,1.0483008709081604e+19
669,evmos1rfmxpk3wxw5erhkw9rr3gk69f74zywnvh80suz,ACTION_IBC_TRANSFER,2799145,1.8353001633417147e+20,1.8353001633417147e+20,4.1539723895471555e+19,4.3427801880713134e+18
982,evmos1rxzh722wwhj6evgn93u5jh7udk22myjm2qszlk,ACTION_IBC_TRANSFER,4566139,1.8353001633417147e+20,1.8353001633417147e+20,8.402059485429682e+18,3.748044459811319e+19
756,evmos1s0fxukhznuaavph862xh007hcej5tpsqlx9x0w,ACTION_IBC_TRANSFER,3390030,3.5140162812547354e+20,3.5140162812547354e+20,5.415410245117492e+19,3.369630458019347e+19
111,evmos1s29ee76u3s9rpscgmcvpacdh2p7x8af32qvlxx,ACTION_IBC_TRANSFER,274442,6.15529243234774e+20,6.15529243234774e+20,1.433889871026313e+20,1.049332370606221e+19
940,evmos1s42j67d3f6julvx4nhjgmcxf74xfph26gjwpv7,ACTION_IBC_TRANSFER,4390894,2.23828815721736e+20,2.23828815721736e+20,1.686651649507879e+19,3.909068743535521e+19
738,evmos1s4ky9nelrpe4axxpnj43hp0m5tjyf4qpcsx2y4,ACTION_IBC_TRANSFER,3250969,2.954444241950395e+20,2.954444241950395e+20,5.295702659735155e+19,2.0904079451408327e+19
638,evmos1s8fewu3vucn6c98093sl47c0mqja529m44c8mv,ACTION_IBC_TRANSFER,2630886,3.3574322358260407e+20,3.3574322358260407e+20,8.21840708871087e+19,1.7517350085423104e+18
1004,evmos1sjftlu03cemxpdmrzd3etrcctn2ne4v7c4u0wc,ACTION_IBC_TRANSFER,4848811,1.8353001633417147e+20,1.8353001633417147e+20,4.318806550320062e+18,4.1563697533222806e+19
856,evmos1sq2ntg6njdhcdn4qsdsqstdct3hgas097a33rp,ACTION_IBC_TRANSFER,4033755,5.1927323991677554e+20,5.1927323991677554e+20,5.5754553575027565e+19,7.406375640416633e+19
339,evmos1st3sel4cf3sm5l8xejlxy60fyvcz5c5wflcf2c,ACTION_IBC_TRANSFER,275335,5.1927323991677554e+20,5.1927323991677554e+20,1.0877127044453589e+20,2.1047039534657995e+19
407,evmos1sv8dcyvqhyt2xxkc782n2wtgxtuz373ufqj8es,ACTION_IBC_TRANSFER,282845,1.8353001633417147e+20,1.8353001633417147e+20,3.539750887863325e+19,1.0484995204909617e+19
874,evmos1svcwlknp9s6w0nzd9ed4yxvdpnjrwy4fp3pmx9,ACTION_IBC_TRANSFER,4125806,1.8353001633417147e+20,1.8353001633417147e+20,1.5817754449322082e+19,3.0064749634220786e+19
740,evmos1t43t6ax09hvjdp6g2fdp6aqxjnc3vnf9nyhv5l,ACTION_IBC_TRANSFER,3258921,5.1927323991677554e+20,5.1927323991677554e+20,9.074815744883456e+19,3.907015253035932e+19
657,evmos1t77m6w8kejmegr7ldtuqv42k89z63qwhpl99x2,ACTION_IBC_TRANSFER,2734167,1.8353001633417147e+20,1.8353001633417147e+20,4.2246687470614225e+19,3.635816612928643e+18
625,evmos1t8wrhegz5v9hxq4gydtppmu33latnv2j7842xq,ACTION_IBC_TRANSFER,2596649,2.954444241950395e+20,2.954444241950395e+20,7.158729724339711e+19,2.2738088053627617e+18
952,evmos1taxjg7uktxtj6m39xrgkw5k9skvl9x3eyshj2p,ACTION_IBC_TRANSFER,4457248,1.8353001633417147e+20,1.8353001633417147e+20,1.46051459904766e+19,3.127735809306627e+19
408,evmos1tfjwfmvcacls45zrf7u7q9annl2nu96pt2kfwq,ACTION_IBC_TRANSFER,282855,1.8353001633417147e+20,1.8353001633417147e+20,3.5396986203956945e+19,1.0485517879585923e+19
433,evmos1tfyfh0k2gaslumm6c3qz88gny0rhg7t2djvkcy,ACTION_IBC_TRANSFER,285008,1.8353001633417147e+20,1.8353001633417147e+20,3.6636561085465944e+19,9.245942998076924e+18
676,evmos1twc9rph4m6wl5wqj63jzgrzuv8nldm2s43xxwp,ACTION_IBC_TRANSFER,2823207,1.8353001633417147e+20,1.8353001633417147e+20,3.765861598067875e+19,8.223888102864118e+18
672,evmos1tx4vl0kzsgmpzxhd4fntup6zu57t8cj5xtmujk,ACTION_IBC_TRANSFER,2823057,1.8353001633417147e+20,1.8353001633417147e+20,3.766112494059555e+19,8.221379142947316e+18
926,evmos1txgyctduhfzct0q5nau9pfrm2xeut57w4re5tm,ACTION_IBC_TRANSFER,4338356,4.073588320559075e+20,4.073588320559075e+20,2.82358391787782e+19,7.360386883519868e+19
446,evmos1u2we3xx2a7pt0gg0694k0zc5sleg9f3hrfft65,ACTION_IBC_TRANSFER,1028722,1.8353001633417147e+20,1.8353001633417147e+20,4.579345454230349e+19,8.904954123938202e+16
866,evmos1u309erx8pw9g8qk3y73498klvuwsxv6l8993s7,ACTION_IBC_TRANSFER,4097607,1.11914407860868e+20,1.11914407860868e+20,1.1816453381915652e+19,1.616214858330135e+19
720,evmos1u3xehv2m7vskqm60f06n0xzcgwsqk8xxd7u9dm,ACTION_IBC_TRANSFER,3087160,4.073588320559075e+20,4.073588320559075e+20,7.52228956477176e+19,2.6616812366259274e+19
875,evmos1u6k4234r8wgw95gq3x0kegrcyjxgaherlvmdza,ACTION_IBC_TRANSFER,4125906,1.8353001633417147e+20,1.8353001633417147e+20,1.5816098394014974e+19,3.0066405689527894e+19
804,evmos1uam2809ks995jx0wkfshq89l23r076sz6jxeef,ACTION_IBC_TRANSFER,3700070,3.3574322358260407e+20,3.3574322358260407e+20,4.515577380163169e+19,3.878003209401933e+19
654,evmos1uc0h5nzn64avkfuj2dm4glxem9xu30l99ww473,ACTION_IBC_TRANSFER,2713034,1.8353001633417147e+20,1.8353001633417147e+20,3.9497284378454475e+19,6.385219705088393e+18
396,evmos1udu7uek8sf735rld4agp4tyhz60ewjqd8lcetu,ACTION_IBC_TRANSFER,282563,1.8353001633417147e+20,1.8353001633417147e+20,3.54125918949301e+19,1.0469912188612768e+19
954,evmos1ufpy882klj5fdsn00w095gut0kr63amt3dkpj6,ACTION_IBC_TRANSFER,4464671,1.11914407860868e+20,1.11914407860868e+20,6.553265678965688e+18,2.142533628625131e+19
908,evmos1ugcaf64f3dh23sv9znttrxtn4spz4ravy9cllf,ACTION_IBC_TRANSFER,4235791,1.11914407860868e+20,1.11914407860868e+20,8.514113083447949e+18,1.9464488881769054e+19
826,evmos1uh83efmlsvslhuxkvk7c0xpcut4jga0j7k7qn3,ACTION_IBC_TRANSFER,3842616,1.8353001633417147e+20,1.8353001633417147e+20,2.139669091357979e+19,2.4485813169963078e+19
744,evmos1uq327vk8qmkp0a3hhacw0lvv07d7yzay2d7en4,ACTION_IBC_TRANSFER,3314795,1.8353001633417147e+20,1.8353001633417147e+20,3.744808345712608e+19,8.434420626416787e+18
652,evmos1usa3xr44h76e3vmnckehh402cham6ke554rc4d,ACTION_IBC_TRANSFER,2701757,1.11914407860868e+20,1.11914407860868e+20,2.7125532986765816e+19,8.530689784511857e+17
301,evmos1uvay4nxlvy4uud25dcvdmruhl4n0zg0dwwpwvz,ACTION_IBC_TRANSFER,275181,4.991238402229932e+20,4.991238402229932e+20,1.0224655616855656e+20,2.2534403887191736e+19
623,evmos1uy5hzhmdxky4l76afes2szhdj3zlt8tuqnwm64,ACTION_IBC_TRANSFER,2591582,1.8353001633417147e+20,1.8353001633417147e+20,4.30990731113012e+19,2.783430972241666e+18
420,evmos1uzygd2ufm6s2wwtwps0za6dqxryhjs653m95xy,ACTION_IBC_TRANSFER,283108,1.8353001633417147e+20,1.8353001633417147e+20,3.5383590233413153e+19,1.0498913850129715e+19
1011,evmos1v09arxth0dcr3axhdmu3jdqq2sq6n8x8ljejhx,ACTION_IBC_TRANSFER,4894371,1.8353001633417147e+20,1.8353001633417147e+20,3.2236951177836073e+18,4.265880896575926e+19
109,evmos1v2gg2fgcehahajljqq5zju3wj8vxm85yy28w4a,ACTION_IBC_TRANSFER,274442,1.8353001633417147e+20,1.8353001633417147e+20,3.722432287481451e+19,8.658181208728355e+18
414,evmos1v5tt3h9wdzhjkp662yae9lzvxtg3j3ku02m3ew,ACTION_IBC_TRANSFER,282993,1.8353001633417147e+20,1.8353001633417147e+20,3.5389628897612268e+19,1.04928751859306e+19
960,evmos1vagsae553p50adq72rn2j7j7srnznp2t92wfe5,ACTION_IBC_TRANSFER,4476663,1.8353001633417147e+20,1.8353001633417147e+20,3.963228835221059e+19,6.250215731332276e+18
868,evmos1vcrgx679fs53l95tx4f74480sh8l5pwhxegfhu,ACTION_IBC_TRANSFER,4107163,5.1927323991677554e+20,5.1927323991677554e+20,4.858724182779975e+19,8.123106815139414e+19
852,evmos1vl37tzarnrwptcyhy24fajjkurx60q3tx657ha,ACTION_IBC_TRANSFER,4020113,3.5140162812547354e+20,3.5140162812547354e+20,4.167423115599974e+19,4.617617587536864e+19
987,evmos1vn352jtt6pphjknhm2js7cnlgq4eq4qsmae3tl,ACTION_IBC_TRANSFER,4617806,1.11914407860868e+20,1.11914407860868e+20,8.880354237009342e+18,1.909824772820766e+19
991,evmos1vn9uwznsjflxgq0ecwrsusqq7a5j8aycdj0mz2,ACTION_IBC_TRANSFER,4693349,1.8353001633417147e+20,1.8353001633417147e+20,1.1829916114326096e+19,3.4052587969216774e+19
700,evmos1vnflpn99e3syzjrtszjxdw5sw004duwt5edpej,ACTION_IBC_TRANSFER,2935592,1.8353001633417147e+20,1.8353001633417147e+20,3.8680841346368094e+19,7.201662737174774e+18
872,evmos1vnxtmha2nrkhfg0r8cczr3lk5x5aycfkjp6rg3,ACTION_IBC_TRANSFER,4117759,2.23828815721736e+20,2.23828815721736e+20,2.068515065908304e+19,3.5272053271350964e+19
837,evmos1vsjmzmeagn6ra3agntdpfcy72a0ck5pxrfz843,ACTION_IBC_TRANSFER,3933211,3.917004275130381e+20,3.917004275130381e+20,5.029600060156839e+19,4.762910627669114e+19
45,evmos1vt9c6ksw3jdccs4zu9jc23zxufn37naaulpqvq,ACTION_IBC_TRANSFER,274104,1.8353001633417147e+20,1.8353001633417147e+20,3.586518585849881e+19,1.0017318225044058e+19
723,evmos1w0c8dwv94jrkje6mfxprua2js6qasaqskrxeu0,ACTION_IBC_TRANSFER,3110824,1.8353001633417147e+20,1.8353001633417147e+20,3.419006278078603e+19,1.169244130275684e+19
790,evmos1w32dqy30xhumskyy849r4das4lm98cua3dmrmw,ACTION_IBC_TRANSFER,3628299,2.954444241950395e+20,2.954444241950395e+20,4.4085585353112306e+19,2.9775520695647568e+19
988,evmos1w7lvu0n38yv7d5zfa8slkhkwnvkhz845tt3c4z,ACTION_IBC_TRANSFER,4618899,1.8353001633417147e+20,1.8353001633417147e+20,8.513751522399437e+18,3.736875256114343e+19
958,evmos1wc94yuu8skr0uddrzak6d0qtdqm84fywwhjumg,ACTION_IBC_TRANSFER,4470519,1.8353001633417147e+20,1.8353001633417147e+20,1.0396034954068097e+19,3.548646912947477e+19
957,evmos1wcutjqhzngwn4l0ewtrzf3u3s2hz8shrfemjwe,ACTION_IBC_TRANSFER,4470507,1.8353001633417147e+20,1.8353001633417147e+20,4.004656684997287e+19,5.835937233569997e+18
714,evmos1wej25nsc0n85wumtaenkdaf65pnp9zctgcwhc5,ACTION_IBC_TRANSFER,3033249,1.11914407860868e+20,1.11914407860868e+20,2.496374268904322e+19,3.014859276173783e+18
26,evmos1wf5fg2fav3xgvjtgeyjtdjfdpdn3e7ueal4rzl,ACTION_IBC_TRANSFER,274052,1.8353001633417147e+20,1.8353001633417147e+20,3.724578729766187e+19,8.636716785880998e+18
1013,evmos1whm46gnq5kcgytjx45tfuwh5pdart422p4gp28,ACTION_IBC_TRANSFER,4924147,6.871448517080775e+20,6.871448517080775e+20,9.10258862154132e+18,1.6268362430547807e+20
917,evmos1wj4ck0dq83evcr49eyk5cl4yqyzfs6st6a07nw,ACTION_IBC_TRANSFER,4307267,6.714864471652081e+20,6.714864471652081e+20,4.874233955883701e+19,1.1912927223246502e+20
1015,evmos1wkyhrwnjylxyae6ef9npt6epndfgsusfx5nyt2,ACTION_IBC_TRANSFER,4932908,1.8353001633417147e+20,1.8353001633417147e+20,2.2900222759230646e+18,4.35924818076198e+19
559,evmos1wl2rhqnjx92tvjzvms4dx2qm4j02hv2wtlng0e,ACTION_IBC_TRANSFER,2391131,4.073588320559075e+20,4.073588320559075e+20,1.012290643359929e+20,6.106436779839816e+17
989,evmos1wmkkvwjrwjwv8fy55p3zazk0d4l9s2u7ncl0mx,ACTION_IBC_TRANSFER,4651860,5.1927323991677554e+20,5.1927323991677554e+20,1.9697536407445406e+19,1.1012077357174848e+20
294,evmos1wnnkhpn0kuqjmjfu24hze8wy9txy7tndkv8m8q,ACTION_IBC_TRANSFER,275165,2.954444241950395e+20,2.954444241950395e+20,3.580779821163049e+19,3.805330783712938e+19
771,evmos1wpen8s55waytvjqafjs9dr4nhsy80psd0pmhyp,ACTION_IBC_TRANSFER,3530482,4.47657631443472e+20,4.47657631443472e+20,6.425518056593294e+19,4.7659227294935065e+19
766,evmos1wt25z56dgx9fszhzx4g0eq3vf9ky5q2vs56hw2,ACTION_IBC_TRANSFER,3481079,3.5140162812547354e+20,3.5140162812547354e+20,5.577994004563417e+19,3.2070466985734218e+19
387,evmos1wwx6mg88dlepew2g0ee56yx6pj8xtvk0kw00nz,ACTION_IBC_TRANSFER,281347,1.8353001633417147e+20,1.8353001633417147e+20,3.5477413528791822e+19,1.0405090554751046e+19
666,evmos1wyt3ldjdf0r4dmhnfu6y3amlwesusr37xv73ku,ACTION_IBC_TRANSFER,2789270,1.8353001633417147e+20,1.8353001633417147e+20,3.969102332414671e+19,6.191480759396155e+18
1010,evmos1wzf9j2a6ka57ke8aj69hq8u2updte7pupvgdze,ACTION_IBC_TRANSFER,4889776,9.109736674298136e+20,9.109736674298136e+20,1.4880043506574367e+19,2.1286337335087904e+20
1006,evmos1x5vzevvnz0nmxx0epf20dpkys2jnduzm4caepz,ACTION_IBC_TRANSFER,4870044,1.8353001633417147e+20,1.8353001633417147e+20,3.7720453361790285e+18,4.211045874736384e+19
418,evmos1x8jzm2nzq0xq6fv6rqvu4dwyl4wpy0dmqmf7gh,ACTION_IBC_TRANSFER,283056,1.8353001633417147e+20,1.8353001633417147e+20,3.5386366623178625e+19,1.0496137460364243e+19
522,evmos1x9qhjcdlpg8844w9lwu06gvkz8ewcgv4gmfcaa,ACTION_IBC_TRANSFER,1153979,1.11914407860868e+20,1.11914407860868e+20,2.633995168700412e+19,1.6386502782128824e+18
801,evmos1xc8rgtkwvwsp6ku0w7j7wha6lmw72ct25ukjhs,ACTION_IBC_TRANSFER,3681538,3.5140162812547354e+20,3.5140162812547354e+20,4.911483304340095e+19,3.8735573987967435e+19
984,evmos1xguxzzc6zqa464twds3yv0p4a75gkk9r5hnq80,ACTION_IBC_TRANSFER,4571017,5.1927323991677554e+20,5.1927323991677554e+20,2.3862039302354067e+19,1.0595627067683983e+20
400,evmos1xjkgvt2y3ss4d9p4zewmsh0ec3lr4n9pytc5pd,ACTION_IBC_TRANSFER,282703,1.8353001633417147e+20,1.8353001633417147e+20,3.5405156399912854e+19,1.0477347683630014e+19
996,evmos1xp5jvw76yh3ac8fs9lqn0gq2leav4se855rfyj,ACTION_IBC_TRANSFER,4751198,1.8353001633417147e+20,1.8353001633417147e+20,1.0236370819651463e+19,3.5646133263891407e+19
382,evmos1xqmk3j5dkuqgs5jgcqp75sye2csvd2qupleesu,ACTION_IBC_TRANSFER,275648,1.8353001633417147e+20,1.8353001633417147e+20,3.715671370295042e+19,8.725790380592447e+18
709,evmos1xqrjehd03g9w5ktdmp00f3vntpntcr04ttwhnh,ACTION_IBC_TRANSFER,2984991,5.1927323991677554e+20,5.1927323991677554e+20,1.0587043360202483e+20,2.394787637716905e+19
461,evmos1xr9kqfmszdadh33fdlgm875waa2r9upmsxndpe,ACTION_IBC_TRANSFER,1082726,1.8353001633417147e+20,1.8353001633417147e+20,4.4383080346865e+19,1.4994237366778675e+18
683,evmos1xsnlq9mzrj40p2cya8pvupjqgquaatg7e8gew7,ACTION_IBC_TRANSFER,2885488,1.11914407860868e+20,1.11914407860868e+20,2.601309017384956e+19,1.9655117913674424e+18
300,evmos1xwnpwld9ldhn6vdnk4ny5pw8nezmv2fea7tdmz,ACTION_IBC_TRANSFER,275180,7.431020556385116e+20,7.431020556385116e+20,1.4635584487811077e+20,3.941966903151714e+19
818,evmos1y22g09tj4dkkjaztc2dcjul772w7th7mchfnuw,ACTION_IBC_TRANSFER,3793007,3.3574322358260407e+20,3.3574322358260407e+20,3.9227854726868165e+19,4.470795116878285e+19
844,evmos1y86z87vx24gw484a5yc4wkh23fdknc5xkkee59,ACTION_IBC_TRANSFER,3995349,1.8353001633417147e+20,1.8353001633417147e+20,1.802457529085856e+19,2.7857928792684306e+19
440,evmos1y8xjz4wmnyj4hjn396x64jma2fr36829jda8lv,ACTION_IBC_TRANSFER,287207,5.1927323991677554e+20,5.1927323991677554e+20,9.948640567503688e+19,3.0331904304157e+19
857,evmos1y9d7vuj02krv5wym46dz7tn25sqpekpaykffy2,ACTION_IBC_TRANSFER,4042694,5.1927323991677554e+20,5.1927323991677554e+20,5.146638400865299e+19,7.835192597054089e+19
743,evmos1yalfh8w3cear82r3rn5c3me0d7z0krv4nefuae,ACTION_IBC_TRANSFER,3291497,4.073588320559075e+20,4.073588320559075e+20,8.490302151199538e+19,1.6936686501981503e+19
315,evmos1yas4uf89c3v33gun2xd44paau3cfvwarynjz74,ACTION_IBC_TRANSFER,275214,7.990592595689455e+20,7.990592595689455e+20,1.4322039048441138e+20,5.654442440782499e+19
975,evmos1yjdhv7s8lwkfrntgw8yf8eq5gksrf7w497ygpr,ACTION_IBC_TRANSFER,4542222,1.11914407860868e+20,1.11914407860868e+20,6.670963964478575e+18,2.1307638000738427e+19
973,evmos1yn5t62ms6erms2egt9maf8uafjevusndeu7x3p,ACTION_IBC_TRANSFER,4532800,1.11914407860868e+20,1.11914407860868e+20,1.7080059520583823e+19,1.0898542444633178e+19
981,evmos1yz0swzlkv6zcdan25jva9speph6ty0fm6hrg2e,ACTION_IBC_TRANSFER,4559454,3.3574322358260407e+20,3.3574322358260407e+20,1.7411898423054326e+19,6.652390747259669e+19
951,evmos1yz3dzcdca8kj9wegcn7zljvghq6ahvlky2f2sa,ACTION_IBC_TRANSFER,4442874,1.8353001633417147e+20,1.8353001633417147e+20,1.0878705515143342e+19,3.5003798568399528e+19
404,evmos1yzt8gy6pttcszpdfemweh59cnhdxpgwg8rur8j,ACTION_IBC_TRANSFER,282754,1.8353001633417147e+20,1.8353001633417147e+20,3.5402397194691748e+19,1.048010688885112e+19
970,evmos1z3udt2yef5ew846atjar5rzld7hdn9q2rd90ty,ACTION_IBC_TRANSFER,4501180,2.0367941602795376e+20,2.0367941602795376e+20,1.0535625787147782e+19,4.038422821984066e+19
1014,evmos1z970jh75wzzv0zasqekhdxmaxkmzvt6amaw00c,ACTION_IBC_TRANSFER,4932784,4.633160359863415e+20,4.633160359863415e+20,5.786151826411311e+18,1.1004285717017407e+20
1016,evmos1z9q4lc6drlwl4ct038svd682cx3vux8kx4cmx2,ACTION_IBC_TRANSFER,4933206,1.8353001633417147e+20,1.8353001633417147e+20,2.460863522169799e+18,4.342164056137307e+19
9,evmos1zapk5ax06ezaysw3ssl58lsddjqlpgul7vulnr,ACTION_IBC_TRANSFER,273952,5.1927323991677554e+20,5.1927323991677554e+20,6.0706311808191185e+19,6.91119981710027e+19
615,evmos1zcq6lh4jls3ww5m9v07j6w7jx9wuzgrzm9aqcw,ACTION_IBC_TRANSFER,2552197,1.8353001633417147e+20,1.8353001633417147e+20,4.536536893583169e+19,5.171351477111767e+17
719,evmos1zfxcs5x685kwqnzg33252t2ps73zvujx6xhu0k,ACTION_IBC_TRANSFER,3063771,5.1927323991677554e+20,5.1927323991677554e+20,1.0531566935714149e+20,2.4502640622052393e+19
942,evmos1zgghrt66xya0klsy9r0ge0w4ta4hl9ejmxtpfd,ACTION_IBC_TRANSFER,4403485,1.8353001633417147e+20,1.8353001633417147e+20,1.2634633429229558e+19,3.324787065431331e+19
